<panel>
  <title>Scan Summary Report</title>
  <table>
    <search>
      <query>index="infocyte" sourcetype="infocytescan" type=ScanMetadata $dash_targetlist_tok$ $dash_scan_tok$ | sort -_time | eval "Scan Time"=strftime(_time, "%Y/%m/%d %H:%M %z"), "Scan Id"=targetlist."-".strftime(_time, "%Y%m%d-%H%M-%S") | rename targetlist as "Target List", hostcount as Hosts, failedhosts as "Failures", totalobjectcount as "Total Objects", compromisedobjects as "Compromised Objects" | table "Scan Id", "Target List", "Scan Time", Hosts, "Failures", "Total Objects", "Compromised Objects"</query>
      <earliest>$dash_time_tok.earliest$</earliest>
      <latest>$dash_time_tok.latest$</latest>
    </search>
    <option name="dataOverlayMode">none</option>
    <option name="drilldown">cell</option>
    <option name="percentagesRow">false</option>
    <option name="rowNumbers">true</option>
    <option name="totalsRow">false</option>
    <option name="wrap">false</option>
    <format type="color" field="compromisedobjects">
      <colorPalette type="list">[#FFFFFF,#D93F3C]</colorPalette>
      <scale type="threshold">0.9</scale>
    </format>
    <format type="number" field="compromisedobjects">
      <option name="precision">0</option>
    </format>
    <format type="color" field="Compromised Objects">
      <colorPalette type="list">[#FFFFFF,#D93F3C]</colorPalette>
      <scale type="threshold">0.9</scale>
    </format>
  </table>
</panel>