<panel>
  <title>Target List Summary Report</title>
  <table>
    <search>
      <query>index="infocyte" sourcetype="infocytescan" type=ScanMetadata $dash_targetlist_tok$ $dash_scan_tok$  | sort -_time | eval "Scan Time"=strftime(_time, "%Y/%m/%d %H:%M %z"), "Scan Id"=targetlist."-".strftime(_time, "%Y%m%d-%H%M-%S") | rename targetlist as "Target List" | stats dc(scanid) as Scans, avg(hostcount) as "Ave Hosts", avg(totalobjectcount) as "Ave Objects", latest("Scan Time") as "Last Scan", latest(failedhosts) as "Failures (last scan)", latest(compromisedobjects) as "Compromised Objects (last scan)" by "Target List"</query>
      <earliest>$dash_time_tok.earliest$</earliest>
      <latest>$dash_time_tok.latest$</latest>
    </search>
    <option name="dataOverlayMode">none</option>
    <option name="drilldown">row</option>
    <option name="percentagesRow">false</option>
    <option name="rowNumbers">false</option>
    <option name="totalsRow">true</option>
    <option name="wrap">true</option>
    <format type="color" field="compromisedobjects">
      <colorPalette type="list">[#FFFFFF,#D93F3C]</colorPalette>
      <scale type="threshold">0.9</scale>
    </format>
    <format type="number" field="compromisedobjects">
      <option name="precision">0</option>
    </format>
    <format type="color" field="Compromised Objects">
      <colorPalette type="list">[#FFFFFF,#D93F3C]</colorPalette>
      <scale type="threshold">0.9</scale>
    </format>
    <format type="color" field="Compromised Objects (last scan)">
      <colorPalette type="list">[#FFFFFF,#D93F3C]</colorPalette>
      <scale type="threshold">0.9</scale>
    </format>
    <format type="color" field="Failures (last scan)">
      <colorPalette type="list">[#FFFFFF,#D93F3C]</colorPalette>
      <scale type="threshold">0.9</scale>
    </format>
    <format type="number" field="Ave Objects">
      <option name="precision">1</option>
    </format>
    <format type="number" field="Ave Hosts">
      <option name="precision">1</option>
    </format>
  </table>
</panel>