<panel>
  <title>Threat Status Distribution by Scan Id</title>
  <table>
    <search>
      <query>index="infocyte" sourcetype="infocytescan" type=ScanMetadata $dash_targetlist_tok$ $dash_scan_tok$ | eval "Scan Time"=strftime(_time, "%Y/%m/%d %H:%M %z"), "Scan Id"=targetlist."-".strftime(_time, "%Y%m%d-%H%M-%S") | rename targetlist as "Target List", hostcount as Hosts, totalobjectcount as "Total Objects", compromisedobjects as "Compromised Objects",good as Good, lowrisk as "Low Risk", unknown as Unknown, suspicious as Suspicious, bad as Bad | sort - _time | table "Scan Id", Hosts, Good, "Low Risk", Unknown, Suspicious, Bad</query>
      <earliest>$dash_time_tok.earliest$</earliest>
      <latest>$dash_time_tok.latest$</latest>
    </search>
    <option name="drilldown">cell</option>
    <option name="percentagesRow">true</option>
    <option name="rowNumbers">false</option>
    <option name="totalsRow">false</option>
    <option name="wrap">false</option>
    <format type="color" field="Bad">
      <colorPalette type="list">[#FFFFFF,#D93F3C]</colorPalette>
      <scale type="threshold">0.9</scale>
    </format>
    <format type="color" field="Suspicious">
      <colorPalette type="list">[#FFFFFF,#ED8440]</colorPalette>
      <scale type="threshold">0.9</scale>
    </format>
    <format type="color" field="Unknown">
      <colorPalette type="list">[#FFFFFF,#F7BC38]</colorPalette>
      <scale type="threshold">0.9</scale>
    </format>
    <format type="color" field="Good">
      <colorPalette type="list">[#FFFFFF,#65A637]</colorPalette>
      <scale type="threshold">0.9</scale>
    </format>
    <format type="color" field="Low Risk">
      <colorPalette type="list">[#FFFFFF,#3863A0]</colorPalette>
      <scale type="threshold">0.9</scale>
    </format>
  </table>
</panel>